<group>
	<fullscreen__F_>0</fullscreen__F_>
	<guiHide>0</guiHide>
	<invert>0</invert>
	<graph>0</graph>
	<mouse>1</mouse>
	<fluid>1</fluid>
	<Glitch>1</Glitch>
	<fluid_fall>1</fluid_fall>
	<fluid_num>2</fluid_num>
	<fluid_speed>2</fluid_speed>
	<fluid_circle_x>0.4</fluid_circle_x>
	<fluid_circle_y>0.4</fluid_circle_y>
	<fluid_power>6.5</fluid_power>
	<fluid_diss>0.94</fluid_diss>
	<fluid_vel>0.85</fluid_vel>
	<fluid_Gravity>-0.25</fluid_Gravity>
	<wait_delay>0.5</wait_delay>
	<contrast>0.5</contrast>
	<scale_main>0.7</scale_main>
	<scale_sub>0.325</scale_sub>
	<acc_rate>0.1</acc_rate>
	<thresh_acc>50</thresh_acc>
	<thresh_delay>1</thresh_delay>
<group/>
</group>
